,id
0,5f35d6ae93a88f0023c8d644
10,5f35d62693a88f0023c8d611
20,5f35d80893a88f0023c8d735
30,5f35d6af93a88f0023c8d646
40,5f35d65d93a88f0023c8d629
50,5f35d65893a88f0023c8d625
60,5f35d60a93a88f0023c8d608
70,5f35d5ee93a88f0023c8d5fe
80,5f35d64293a88f0023c8d61c
90,5f35d5d093a88f0023c8d5f7
100,5f35d8e393a88f0023c8d887
110,5f35d78293a88f0023c8d697
120,5f35d73b93a88f0023c8d678
130,5f35d74693a88f0023c8d67e
140,5f35d76593a88f0023c8d688
150,5f35d61893a88f0023c8d60c
160,5f35d72f93a88f0023c8d675
170,5f35d7da93a88f0023c8d703
180,5f35d64493a88f0023c8d61e
190,5f35d74293a88f0023c8d67c
200,5f35d67e93a88f0023c8d634
210,5f35d78493a88f0023c8d69f
220,5f35d7a693a88f0023c8d6b2
230,5f35d6aa93a88f0023c8d642
240,5f35d68993a88f0023c8d637
250,5f35d71a93a88f0023c8d66c
260,5f35d60393a88f0023c8d605
270,5f35d73d93a88f0023c8d679
280,5f35d76793a88f0023c8d689
290,5f35d90b93a88f0023c8d8cf
300,5f35d73993a88f0023c8d677
310,5f35d77893a88f0023c8d690
320,5f35d77893a88f0023c8d691
330,5f35d63393a88f0023c8d617
340,5f35d79b93a88f0023c8d6aa
350,5f35d63193a88f0023c8d616
360,5f35d65393a88f0023c8d623
370,5f35d6f793a88f0023c8d65f
380,5f35da2c93a88f0023c8db97
390,5f35d6bc93a88f0023c8d64b
400,5f35d7f093a88f0023c8d716
410,5f35d7d693a88f0023c8d6f7
420,5f35d72493a88f0023c8d66f
430,5f35d7fa93a88f0023c8d725
440,5f35d86c93a88f0023c8d7e9
450,5f35d79293a88f0023c8d6a1
460,5f35d97e93a88f0023c8d9d4
470,5f35d72593a88f0023c8d671
480,5f35d7d393a88f0023c8d6f4
490,5f35d90c93a88f0023c8d8d0
500,5f35da4f93a88f0023c8dc28
510,5f35d8b893a88f0023c8d833
520,5f35d71c93a88f0023c8d66e
530,5f35db0b93a88f0023c8ded5
540,5f35d83093a88f0023c8d771
550,5f35d6b193a88f0023c8d648
560,5f35dab593a88f0023c8dda2
570,5f35d85593a88f0023c8d7c5
580,5f35d84893a88f0023c8d7af
590,5f35d88193a88f0023c8d7ff
600,5f35d80393a88f0023c8d729
610,5f35d5ea93a88f0023c8d5fd
620,5f35d70093a88f0023c8d662
630,5f35db0c93a88f0023c8deda
640,5f35d62993a88f0023c8d613
650,5f35dc7593a88f0023c8e5d3
660,5f35da6493a88f0023c8dc69
670,5f35dba493a88f0023c8e193
680,5f35d83993a88f0023c8d78b
690,5f35d82093a88f0023c8d751
700,5f35d93793a88f0023c8d930
710,5f35dae093a88f0023c8de20
720,5f35d9ad93a88f0023c8da5b
730,5f35dc9193a88f0023c8e6bd
740,5f35dcae93a88f0023c8e7a3
750,5f35d91293a88f0023c8d8e2
760,5f35dafe93a88f0023c8de97
770,5f35db9193a88f0023c8e13f
780,5f35d7f393a88f0023c8d71a
790,5f35d94f93a88f0023c8d95c
800,5f35d72b93a88f0023c8d674
810,5f35df1293a88f0023c8f3db
820,5f35d81193a88f0023c8d742
830,5f35df8293a88f0023c8f57b
840,5f35e00093a88f0023c8f758
850,5f35e11793a88f0023c8fa8c
860,5f35dfdb93a88f0023c8f6da
870,5f35df8793a88f0023c8f599
880,5f35e09e93a88f0023c8f979
890,5f35e0a193a88f0023c8f986
900,5f35e37d93a88f0023c8ffdc
910,5f35e94193a88f0023c905da
920,5f35e70693a88f0023c90462
930,5f35e76793a88f0023c90491
940,5f35e93693a88f0023c905d9
950,5f360ea493a88f0023c908e6
960,5f360f4693a88f0023c908ef
970,5f360ee993a88f0023c908e8
980,5f360eea93a88f0023c908e9
990,5f3610a993a88f0023c90912
1000,5f36121793a88f0023c9095f
1009,5f3612ca93a88f0023c909a0
1019,5f360f1993a88f0023c908ea
1029,5f36107b93a88f0023c9090e
1039,5f36101b93a88f0023c90907
1049,5f360ff993a88f0023c90904
1059,5f361ea793a88f0023c90f71
1069,5f361f5693a88f0023c90f72
1079,5f3626b693a88f0023c91063
1089,5f362fb593a88f0023c91191
1099,5f362dee93a88f0023c91131
